# Snapshot of the SMART schema: table, column, DuckDB type[, SMART version that added it].
# schema-version: 7.5.4
#
# Taken from a SMART 7.5.4 database (SMART Desktop 7.5.6) via JDBC metadata:
# the .columns sidecars DumpSmartDb writes, one line per column, in table
# column order. Two uses:
#   - check_schema.sh compares every extracted database or export against it
#     and warns about new, missing, or retyped tables and columns, so a newer
#     SMART version shows its deltas at extract time.
#   - export_to_csv.sh takes column types from it, because a Conservation Area
#     export has no types; a column not listed here is loaded as text.
# The rows with a version in the fourth column are later additions known from
# the SMART source, kept so they get a proper type when they appear.
# To refresh: ./smart-able extract a database of the new version, then
#   for f in work/csv/*.columns; do t=$(basename $f .columns); tr -d "{}'" < $f | tr ',' '\n' | sed 's/^ *//' | awk -F': ' -v t=$t '{print t"\t"$1"\t"$2}'; done
# and update schema-version above.
agency	uuid	VARCHAR
agency	ca_uuid	VARCHAR
agency	keyid	VARCHAR
area_geometries	uuid	VARCHAR
area_geometries	ca_uuid	VARCHAR
area_geometries	area_type	VARCHAR
area_geometries	keyid	VARCHAR
area_geometries	geom	VARCHAR
asset_attribute_list_item	uuid	VARCHAR
asset_attribute_list_item	attribute_uuid	VARCHAR
asset_attribute_list_item	keyid	VARCHAR
asset_attribute_value	asset_uuid	VARCHAR
asset_attribute_value	attribute_uuid	VARCHAR
asset_attribute_value	string_value	VARCHAR
asset_attribute_value	list_item_uuid	VARCHAR
asset_attribute_value	double_value1	DOUBLE
asset_attribute_value	double_value2	DOUBLE
asset_attribute	uuid	VARCHAR
asset_attribute	keyid	VARCHAR
asset_attribute	type	VARCHAR
asset_attribute	ca_uuid	VARCHAR
asset_deployment_attribute_value	asset_deployment_uuid	VARCHAR
asset_deployment_attribute_value	attribute_uuid	VARCHAR
asset_deployment_attribute_value	string_value	VARCHAR
asset_deployment_attribute_value	list_item_uuid	VARCHAR
asset_deployment_attribute_value	double_value1	DOUBLE
asset_deployment_attribute_value	double_value2	DOUBLE
asset_deployment_disruption	uuid	VARCHAR
asset_deployment_disruption	asset_deployment_uuid	VARCHAR
asset_deployment_disruption	start_date	TIMESTAMP
asset_deployment_disruption	end_date	TIMESTAMP
asset_deployment_disruption	comment	VARCHAR
asset_deployment	uuid	VARCHAR
asset_deployment	asset_uuid	VARCHAR
asset_deployment	station_location_uuid	VARCHAR
asset_deployment	start_date	TIMESTAMP
asset_deployment	end_date	TIMESTAMP
asset_deployment	track	VARCHAR
asset_history_record	uuid	VARCHAR
asset_history_record	asset_uuid	VARCHAR
asset_history_record	date	TIMESTAMP
asset_history_record	comment	VARCHAR
asset_map_style	uuid	VARCHAR
asset_map_style	ca_uuid	VARCHAR
asset_map_style	name	VARCHAR
asset_map_style	style_string	VARCHAR
asset_metadata_mapping	uuid	VARCHAR
asset_metadata_mapping	ca_uuid	VARCHAR
asset_metadata_mapping	metadata_type	VARCHAR
asset_metadata_mapping	metadata_key	VARCHAR
asset_metadata_mapping	search_order	BIGINT
asset_metadata_mapping	asset_field	VARCHAR
asset_metadata_mapping	category_uuid	VARCHAR
asset_metadata_mapping	attribute_uuid	VARCHAR
asset_metadata_mapping	attribute_list_item_uuid	VARCHAR
asset_metadata_mapping	attribute_tree_node_uuid	VARCHAR
asset_metadata_mapping	state	VARCHAR
asset_module_settings	uuid	VARCHAR
asset_module_settings	ca_uuid	VARCHAR
asset_module_settings	keyid	VARCHAR
asset_module_settings	value	VARCHAR
asset_observation_query	uuid	VARCHAR
asset_observation_query	id	VARCHAR
asset_observation_query	creator_uuid	VARCHAR
asset_observation_query	query_filter	VARCHAR
asset_observation_query	ca_filter	VARCHAR
asset_observation_query	ca_uuid	VARCHAR
asset_observation_query	folder_uuid	VARCHAR
asset_observation_query	column_filter	VARCHAR
asset_observation_query	style	VARCHAR
asset_observation_query	shared	BOOLEAN
asset_observation_query	show_data_columns_only	BOOLEAN
asset_station_attribute_value	station_uuid	VARCHAR
asset_station_attribute_value	attribute_uuid	VARCHAR
asset_station_attribute_value	string_value	VARCHAR
asset_station_attribute_value	list_item_uuid	VARCHAR
asset_station_attribute_value	double_value1	DOUBLE
asset_station_attribute_value	double_value2	DOUBLE
asset_station_attribute	attribute_uuid	VARCHAR
asset_station_attribute	seq_order	BIGINT
asset_station_location_attribute_value	station_location_uuid	VARCHAR
asset_station_location_attribute_value	attribute_uuid	VARCHAR
asset_station_location_attribute_value	string_value	VARCHAR
asset_station_location_attribute_value	list_item_uuid	VARCHAR
asset_station_location_attribute_value	double_value1	DOUBLE
asset_station_location_attribute_value	double_value2	DOUBLE
asset_station_location_attribute	attribute_uuid	VARCHAR
asset_station_location_attribute	seq_order	BIGINT
asset_station_location_history	uuid	VARCHAR
asset_station_location_history	station_location_uuid	VARCHAR
asset_station_location_history	date	TIMESTAMP
asset_station_location_history	comment	VARCHAR
asset_station_location	uuid	VARCHAR
asset_station_location	station_uuid	VARCHAR
asset_station_location	id	VARCHAR
asset_station_location	x	DOUBLE
asset_station_location	y	DOUBLE
asset_station_location	buffer	DOUBLE
asset_station	uuid	VARCHAR
asset_station	ca_uuid	VARCHAR
asset_station	id	VARCHAR
asset_station	x	DOUBLE
asset_station	y	DOUBLE
asset_station	buffer	DOUBLE
asset_summary_query	uuid	VARCHAR
asset_summary_query	id	VARCHAR
asset_summary_query	creator_uuid	VARCHAR
asset_summary_query	query_def	VARCHAR
asset_summary_query	ca_filter	VARCHAR
asset_summary_query	ca_uuid	VARCHAR
asset_summary_query	folder_uuid	VARCHAR
asset_summary_query	shared	BOOLEAN
asset_summary_query	style	VARCHAR
asset_summary_query	query_type_key	VARCHAR
asset_type_attribute	asset_type_uuid	VARCHAR
asset_type_attribute	attribute_uuid	VARCHAR
asset_type_attribute	seq_order	BIGINT
asset_type_deployment_attribute	asset_type_uuid	VARCHAR
asset_type_deployment_attribute	attribute_uuid	VARCHAR
asset_type_deployment_attribute	seq_order	BIGINT
asset_type	uuid	VARCHAR
asset_type	ca_uuid	VARCHAR
asset_type	keyid	VARCHAR
asset_type	icon	VARCHAR
asset_type	incident_cutoff	BIGINT
asset_waypoint_attachment	wp_attachment_uuid	VARCHAR
asset_waypoint_attachment	asset_waypoint_uuid	VARCHAR
asset_waypoint_query	uuid	VARCHAR
asset_waypoint_query	id	VARCHAR
asset_waypoint_query	creator_uuid	VARCHAR
asset_waypoint_query	query_filter	VARCHAR
asset_waypoint_query	ca_filter	VARCHAR
asset_waypoint_query	ca_uuid	VARCHAR
asset_waypoint_query	folder_uuid	VARCHAR
asset_waypoint_query	column_filter	VARCHAR
asset_waypoint_query	surveydesign_key	VARCHAR
asset_waypoint_query	shared	BOOLEAN
asset_waypoint_query	style	VARCHAR
asset_waypoint	uuid	VARCHAR
asset_waypoint	wp_uuid	VARCHAR
asset_waypoint	asset_deployment_uuid	VARCHAR
asset_waypoint	state	BIGINT
asset_waypoint	incident_length	BIGINT
asset	uuid	VARCHAR
asset	asset_type_uuid	VARCHAR
asset	ca_uuid	VARCHAR
asset	id	VARCHAR
asset	is_retired	BOOLEAN
ca_projection	uuid	VARCHAR
ca_projection	ca_uuid	VARCHAR
ca_projection	name	VARCHAR
ca_projection	definition	VARCHAR
ca_projection	is_default	BOOLEAN
cm_attribute_config	uuid	VARCHAR
cm_attribute_config	cm_uuid	VARCHAR
cm_attribute_config	dm_attribute_uuid	VARCHAR
cm_attribute_config	display_mode	VARCHAR
cm_attribute_config	is_default	BOOLEAN
cm_attribute_list	uuid	VARCHAR
cm_attribute_list	list_element_uuid	VARCHAR
cm_attribute_list	is_active	BOOLEAN
cm_attribute_list	list_order	BIGINT
cm_attribute_list	config_uuid	VARCHAR
cm_attribute_list	imagetype	VARCHAR
cm_attribute_option	uuid	VARCHAR
cm_attribute_option	cm_attribute_uuid	VARCHAR
cm_attribute_option	option_id	VARCHAR
cm_attribute_option	number_value	DOUBLE
cm_attribute_option	string_value	VARCHAR
cm_attribute_option	uuid_value	VARCHAR
cm_attribute_tree_node	uuid	VARCHAR
cm_attribute_tree_node	dm_tree_node_uuid	VARCHAR
cm_attribute_tree_node	is_active	BOOLEAN
cm_attribute_tree_node	parent_uuid	VARCHAR
cm_attribute_tree_node	node_order	BIGINT
cm_attribute_tree_node	display_mode	VARCHAR
cm_attribute_tree_node	config_uuid	VARCHAR
cm_attribute_tree_node	imagetype	VARCHAR
cm_attribute	uuid	VARCHAR
cm_attribute	node_uuid	VARCHAR
cm_attribute	attribute_uuid	VARCHAR
cm_attribute	attribute_order	BIGINT
cm_attribute	config_uuid	VARCHAR
cm_ct_properties_profile	cm_uuid	VARCHAR
cm_ct_properties_profile	profile_uuid	VARCHAR
cm_node	uuid	VARCHAR
cm_node	cm_uuid	VARCHAR
cm_node	category_uuid	VARCHAR
cm_node	parent_node_uuid	VARCHAR
cm_node	node_order	BIGINT
cm_node	photo_allowed	BOOLEAN
cm_node	photo_required	BOOLEAN
cm_node	collect_multiple_obs	BOOLEAN
cm_node	use_single_gps_point	BOOLEAN
cm_node	display_mode	VARCHAR
cm_node	imagetype	VARCHAR
cm_node	signatures	VARCHAR
compound_query_layer	uuid	VARCHAR
compound_query_layer	compound_query_uuid	VARCHAR
compound_query_layer	query_uuid	VARCHAR
compound_query_layer	query_type	VARCHAR
compound_query_layer	style	VARCHAR
compound_query_layer	layer_order	BIGINT
compound_query_layer	date_filter	VARCHAR
compound_query	uuid	VARCHAR
compound_query	creator_uuid	VARCHAR
compound_query	ca_uuid	VARCHAR
compound_query	ca_filter	VARCHAR
compound_query	folder_uuid	VARCHAR
compound_query	shared	BOOLEAN
compound_query	id	VARCHAR
configurable_model	uuid	VARCHAR
configurable_model	ca_uuid	VARCHAR
configurable_model	display_mode	VARCHAR
configurable_model	instant_gps	BOOLEAN
configurable_model	photo_first	BOOLEAN
configurable_model	iconset_uuid	VARCHAR
connect_account	employee_uuid	VARCHAR
connect_account	connect_uuid	VARCHAR
connect_account	connect_user	VARCHAR
connect_account	connect_pass	VARCHAR
connect_alert	uuid	VARCHAR
connect_alert	cm_uuid	VARCHAR
connect_alert	alert_item_uuid	VARCHAR
connect_alert	cm_attribute_uuid	VARCHAR
connect_alert	level	BIGINT
connect_alert	type	VARCHAR
connect_change_log	uuid	VARCHAR
connect_change_log	revision	BIGINT
connect_change_log	action	VARCHAR
connect_change_log	filename	VARCHAR
connect_change_log	tablename	VARCHAR
connect_change_log	key1_fieldname	VARCHAR
connect_change_log	key1	VARCHAR
connect_change_log	key2_fieldname	VARCHAR
connect_change_log	key2_str	VARCHAR
connect_change_log	key2_uuid	VARCHAR
connect_change_log	ca_uuid	VARCHAR
connect_change_log	source	VARCHAR
connect_ct_properties	uuid	VARCHAR
connect_ct_properties	cm_uuid	VARCHAR
connect_ct_properties	ping_frequency	BIGINT
connect_ct_properties	data_frequency	BIGINT
connect_ct_properties	ping_type	VARCHAR
connect_data_queue_option	ca_uuid	VARCHAR
connect_data_queue_option	keyid	VARCHAR
connect_data_queue_option	value	VARCHAR
connect_data_queue	uuid	VARCHAR
connect_data_queue	type	VARCHAR
connect_data_queue	ca_uuid	VARCHAR
connect_data_queue	name	VARCHAR
connect_data_queue	status	VARCHAR
connect_data_queue	queue_order	BIGINT
connect_data_queue	error_message	VARCHAR
connect_data_queue	local_file	VARCHAR
connect_data_queue	date_processed	TIMESTAMP
connect_data_queue	server_item_uuid	VARCHAR
connect_server_option	server_uuid	VARCHAR
connect_server_option	option_key	VARCHAR
connect_server_option	value	VARCHAR
connect_server	uuid	VARCHAR
connect_server	ca_uuid	VARCHAR
connect_server	url	VARCHAR
connect_server	certificate	VARCHAR
connect_status	ca_uuid	VARCHAR
connect_status	connect_uuid	VARCHAR
connect_status	version	VARCHAR
connect_status	server_revision	BIGINT
connect_status	status	VARCHAR
connect_status	uploadurl	VARCHAR
connect_status	localfile	VARCHAR
connect_sync_history	uuid	VARCHAR
connect_sync_history	ca_uuid	VARCHAR
connect_sync_history	connect_uuid	VARCHAR
connect_sync_history	datetime	TIMESTAMP
connect_sync_history	sync_type	VARCHAR
connect_sync_history	status	VARCHAR
connect_sync_history	status_url	VARCHAR
connect_sync_history	start_revision	BIGINT
connect_sync_history	end_revision	BIGINT
conservation_area_property	uuid	VARCHAR
conservation_area_property	ca_uuid	VARCHAR
conservation_area_property	pkey	VARCHAR
conservation_area_property	value	VARCHAR
conservation_area	uuid	VARCHAR
conservation_area	id	VARCHAR
conservation_area	name	VARCHAR
conservation_area	designation	VARCHAR
conservation_area	description	VARCHAR
conservation_area	organization	VARCHAR
conservation_area	pointofcontact	VARCHAR
conservation_area	country	VARCHAR
conservation_area	owner	VARCHAR
ct_incident_link	uuid	VARCHAR
ct_incident_link	ct_group_id	VARCHAR
ct_incident_link	wp_uuid	VARCHAR
ct_incident_link	ct_root_id	VARCHAR
ct_incident_link	obs_group_uuid	VARCHAR
ct_incident_package	uuid	VARCHAR
ct_incident_package	name	VARCHAR
ct_incident_package	ca_uuid	VARCHAR
ct_incident_package	cm_uuid	VARCHAR
ct_incident_package	ctprofile_uuid	VARCHAR
ct_incident_package	basemapdef	VARCHAR
ct_incident_package	maplayersdef	VARCHAR
ct_metadata_value_uuid	uuid	VARCHAR
ct_metadata_value_uuid	field_uuid	VARCHAR
ct_metadata_value_uuid	uuid_value	VARCHAR
ct_metadata_value	uuid	VARCHAR
ct_metadata_value	ca_uuid	VARCHAR
ct_metadata_value	is_visible	BOOLEAN
ct_metadata_value	string_value	VARCHAR
ct_metadata_value	boolean_value	BOOLEAN
ct_metadata_value	uuid_value	VARCHAR
ct_metadata_value	package_uuid	VARCHAR
ct_metadata_value	keyid	VARCHAR
ct_mission_link	ct_uuid	VARCHAR
ct_mission_link	mission_uuid	VARCHAR
ct_mission_link	ct_device_id	VARCHAR
ct_mission_link	last_observation_cnt	BIGINT
ct_mission_link	group_start_time	TIMESTAMP
ct_mission_link	su_uuid	VARCHAR
ct_mission_wplink	uuid	VARCHAR
ct_mission_wplink	ct_mission_link_uuid	VARCHAR
ct_mission_wplink	ct_root_id	VARCHAR
ct_mission_wplink	ct_group_id	VARCHAR
ct_mission_wplink	wp_uuid	VARCHAR
ct_mission_wplink	obs_group_uuid	VARCHAR
ct_navigation_layer	uuid	VARCHAR
ct_navigation_layer	ca_uuid	VARCHAR
ct_navigation_layer	name	VARCHAR
ct_navigation_layer	targets	VARCHAR
ct_navigation_layer	created_date	DATE
ct_navigation_layer	last_modified_date	DATE
ct_navigation_layer	last_modified_by	VARCHAR
ct_patrol_link	ct_uuid	VARCHAR
ct_patrol_link	patrol_leg_uuid	VARCHAR
ct_patrol_link	ct_device_id	VARCHAR
ct_patrol_link	last_observation_cnt	BIGINT
ct_patrol_link	group_start_time	TIMESTAMP
ct_patrol_package	uuid	VARCHAR
ct_patrol_package	name	VARCHAR
ct_patrol_package	ca_uuid	VARCHAR
ct_patrol_package	cm_uuid	VARCHAR
ct_patrol_package	ctprofile_uuid	VARCHAR
ct_patrol_package	has_incident	BOOLEAN
ct_patrol_package	incident_uuid	VARCHAR
ct_patrol_package	basemapdef	VARCHAR
ct_patrol_package	maplayersdef	VARCHAR
ct_patrol_wplink	uuid	VARCHAR
ct_patrol_wplink	ct_patrol_link_uuid	VARCHAR
ct_patrol_wplink	ct_root_id	VARCHAR
ct_patrol_wplink	ct_group_id	VARCHAR
ct_patrol_wplink	wp_uuid	VARCHAR
ct_patrol_wplink	obs_group_uuid	VARCHAR
ct_properties_option	uuid	VARCHAR
ct_properties_option	ca_uuid	VARCHAR
ct_properties_option	option_id	VARCHAR
ct_properties_option	double_value	DOUBLE
ct_properties_option	integer_value	BIGINT
ct_properties_option	string_value	VARCHAR
ct_properties_profile_option	uuid	VARCHAR
ct_properties_profile_option	profile_uuid	VARCHAR
ct_properties_profile_option	option_id	VARCHAR
ct_properties_profile_option	double_value	DOUBLE
ct_properties_profile_option	integer_value	BIGINT
ct_properties_profile_option	string_value	VARCHAR
ct_properties_profile	uuid	VARCHAR
ct_properties_profile	ca_uuid	VARCHAR
ct_properties_profile	is_default	BOOLEAN
ct_survey_package	uuid	VARCHAR
ct_survey_package	name	VARCHAR
ct_survey_package	ca_uuid	VARCHAR
ct_survey_package	sd_uuid	VARCHAR
ct_survey_package	ctprofile_uuid	VARCHAR
ct_survey_package	has_incident	BOOLEAN
ct_survey_package	incident_uuid	VARCHAR
ct_survey_package	basemapdef	VARCHAR
ct_survey_package	maplayersdef	VARCHAR
data_link	uuid	VARCHAR
data_link	ca_uuid	VARCHAR
data_link	data_type	VARCHAR
data_link	provider_id	VARCHAR
data_link	smart_id	VARCHAR
data_link	last_modified	TIMESTAMP
db_version	version	VARCHAR
db_version	plugin_id	VARCHAR
dm_aggregation_i18n	name	VARCHAR
dm_aggregation_i18n	lang_code	VARCHAR
dm_aggregation_i18n	gui_name	VARCHAR
dm_aggregation	name	VARCHAR
dm_att_agg_map	attribute_uuid	VARCHAR
dm_att_agg_map	agg_name	VARCHAR
dm_attribute_list	uuid	VARCHAR
dm_attribute_list	attribute_uuid	VARCHAR
dm_attribute_list	keyid	VARCHAR
dm_attribute_list	list_order	BIGINT
dm_attribute_list	is_active	BOOLEAN
dm_attribute_list	icon_uuid	VARCHAR
dm_attribute_tree	uuid	VARCHAR
dm_attribute_tree	keyid	VARCHAR
dm_attribute_tree	node_order	BIGINT
dm_attribute_tree	parent_uuid	VARCHAR
dm_attribute_tree	attribute_uuid	VARCHAR
dm_attribute_tree	is_active	BOOLEAN
dm_attribute_tree	hkey	VARCHAR
dm_attribute_tree	icon_uuid	VARCHAR
dm_attribute	uuid	VARCHAR
dm_attribute	ca_uuid	VARCHAR
dm_attribute	keyid	VARCHAR
dm_attribute	is_required	BOOLEAN
dm_attribute	att_type	VARCHAR
dm_attribute	min_value	DOUBLE
dm_attribute	max_value	DOUBLE
dm_attribute	regex	VARCHAR
dm_attribute	icon_uuid	VARCHAR
dm_cat_att_map	category_uuid	VARCHAR
dm_cat_att_map	attribute_uuid	VARCHAR
dm_cat_att_map	att_order	BIGINT
dm_cat_att_map	is_active	BOOLEAN
dm_category	uuid	VARCHAR
dm_category	ca_uuid	VARCHAR
dm_category	keyid	VARCHAR
dm_category	parent_category_uuid	VARCHAR
dm_category	is_multiple	BOOLEAN
dm_category	cat_order	BIGINT
dm_category	is_active	BOOLEAN
dm_category	hkey	VARCHAR
dm_category	icon_uuid	VARCHAR
e_action_parameter_value	action_uuid	VARCHAR
e_action_parameter_value	parameter_key	VARCHAR
e_action_parameter_value	parameter_value	VARCHAR
e_action	uuid	VARCHAR
e_action	ca_uuid	VARCHAR
e_action	id	VARCHAR
e_action	type_key	VARCHAR
e_event_action	uuid	VARCHAR
e_event_action	filter_uuid	VARCHAR
e_event_action	action_uuid	VARCHAR
e_event_action	is_enabled	BOOLEAN
e_event_filter	uuid	VARCHAR
e_event_filter	ca_uuid	VARCHAR
e_event_filter	id	VARCHAR
e_event_filter	filter_string	VARCHAR
employee_team_member	employee_uuid	VARCHAR
employee_team_member	team_uuid	VARCHAR
employee_team	uuid	VARCHAR
employee_team	ca_uuid	VARCHAR
employee	uuid	VARCHAR
employee	ca_uuid	VARCHAR
employee	id	VARCHAR
employee	givenname	VARCHAR
employee	familyname	VARCHAR
employee	startemploymentdate	DATE
employee	endemploymentdate	DATE
employee	datecreated	DATE
employee	birthdate	DATE
employee	gender	VARCHAR
employee	smartuserid	VARCHAR
employee	smartpassword	VARCHAR
employee	agency_uuid	VARCHAR
employee	rank_uuid	VARCHAR
employee	smartuserlevel	VARCHAR
entity_attribute_value	entity_attribute_uuid	VARCHAR
entity_attribute_value	entity_uuid	VARCHAR
entity_attribute_value	number_value	DOUBLE
entity_attribute_value	string_value	VARCHAR
entity_attribute_value	list_element_uuid	VARCHAR
entity_attribute_value	tree_node_uuid	VARCHAR
entity_attribute	uuid	VARCHAR
entity_attribute	entity_type_uuid	VARCHAR
entity_attribute	dm_attribute_uuid	VARCHAR
entity_attribute	is_required	BOOLEAN
entity_attribute	attribute_order	BIGINT
entity_attribute	is_primary	BOOLEAN
entity_attribute	keyid	VARCHAR
entity_gridded_query	uuid	VARCHAR
entity_gridded_query	creator_uuid	VARCHAR
entity_gridded_query	query_filter	VARCHAR
entity_gridded_query	ca_filter	VARCHAR
entity_gridded_query	query_def	VARCHAR
entity_gridded_query	folder_uuid	VARCHAR
entity_gridded_query	shared	BOOLEAN
entity_gridded_query	ca_uuid	VARCHAR
entity_gridded_query	id	VARCHAR
entity_gridded_query	crs_definition	VARCHAR
entity_gridded_query	style	VARCHAR
entity_observation_query	uuid	VARCHAR
entity_observation_query	creator_uuid	VARCHAR
entity_observation_query	query_filter	VARCHAR
entity_observation_query	ca_filter	VARCHAR
entity_observation_query	ca_uuid	VARCHAR
entity_observation_query	folder_uuid	VARCHAR
entity_observation_query	column_filter	VARCHAR
entity_observation_query	shared	BOOLEAN
entity_observation_query	id	VARCHAR
entity_observation_query	style	VARCHAR
entity_observation_query	show_data_columns_only	BOOLEAN
entity_summary_query	uuid	VARCHAR
entity_summary_query	creator_uuid	VARCHAR
entity_summary_query	ca_filter	VARCHAR
entity_summary_query	query_def	VARCHAR
entity_summary_query	folder_uuid	VARCHAR
entity_summary_query	shared	BOOLEAN
entity_summary_query	ca_uuid	VARCHAR
entity_summary_query	id	VARCHAR
entity_type	uuid	VARCHAR
entity_type	ca_uuid	VARCHAR
entity_type	keyid	VARCHAR
entity_type	date_created	TIMESTAMP
entity_type	creator_uuid	VARCHAR
entity_type	status	VARCHAR
entity_type	dm_attribute_uuid	VARCHAR
entity_type	entity_type	VARCHAR
entity_waypoint_query	uuid	VARCHAR
entity_waypoint_query	creator_uuid	VARCHAR
entity_waypoint_query	query_filter	VARCHAR
entity_waypoint_query	ca_filter	VARCHAR
entity_waypoint_query	ca_uuid	VARCHAR
entity_waypoint_query	folder_uuid	VARCHAR
entity_waypoint_query	column_filter	VARCHAR
entity_waypoint_query	shared	BOOLEAN
entity_waypoint_query	id	VARCHAR
entity_waypoint_query	style	VARCHAR
entity	uuid	VARCHAR
entity	entity_type_uuid	VARCHAR
entity	id	VARCHAR
entity	status	VARCHAR
entity	attribute_list_item_uuid	VARCHAR
entity	x	DOUBLE
entity	y	DOUBLE
gridded_query	uuid	VARCHAR
gridded_query	creator_uuid	VARCHAR
gridded_query	query_filter	VARCHAR
gridded_query	ca_filter	VARCHAR
gridded_query	query_def	VARCHAR
gridded_query	folder_uuid	VARCHAR
gridded_query	shared	BOOLEAN
gridded_query	ca_uuid	VARCHAR
gridded_query	id	VARCHAR
gridded_query	crs_definition	VARCHAR
gridded_query	style	VARCHAR
i_attachment	uuid	VARCHAR
i_attachment	ca_uuid	VARCHAR
i_attachment	date_created	TIMESTAMP
i_attachment	created_by	VARCHAR
i_attachment	description	VARCHAR
i_attachment	filename	VARCHAR
i_attribute_list_item	uuid	VARCHAR
i_attribute_list_item	attribute_uuid	VARCHAR
i_attribute_list_item	keyid	VARCHAR
i_attribute_list_item	list_order	BIGINT
i_attribute	uuid	VARCHAR
i_attribute	keyid	VARCHAR
i_attribute	type	VARCHAR
i_attribute	ca_uuid	VARCHAR
i_config_option	uuid	VARCHAR
i_config_option	ca_uuid	VARCHAR
i_config_option	keyid	VARCHAR
i_config_option	value	VARCHAR
i_diagram_entity_type_style	uuid	VARCHAR
i_diagram_entity_type_style	style_uuid	VARCHAR
i_diagram_entity_type_style	entity_type_uuid	VARCHAR
i_diagram_entity_type_style	options	VARCHAR
i_diagram_relationship_type_style	uuid	VARCHAR
i_diagram_relationship_type_style	style_uuid	VARCHAR
i_diagram_relationship_type_style	relationship_type_uuid	VARCHAR
i_diagram_relationship_type_style	options	VARCHAR
i_diagram_style	uuid	VARCHAR
i_diagram_style	ca_uuid	VARCHAR
i_diagram_style	is_default	BOOLEAN
i_diagram_style	options	VARCHAR
i_entity_attachment	entity_uuid	VARCHAR
i_entity_attachment	attachment_uuid	VARCHAR
i_entity_attribute_value	entity_uuid	VARCHAR
i_entity_attribute_value	attribute_uuid	VARCHAR
i_entity_attribute_value	string_value	VARCHAR
i_entity_attribute_value	double_value	DOUBLE
i_entity_attribute_value	double_value2	DOUBLE
i_entity_attribute_value	list_item_uuid	VARCHAR
i_entity_attribute_value	metaphone	VARCHAR
i_entity_attribute_value	employee_uuid	VARCHAR
i_entity_location	entity_uuid	VARCHAR
i_entity_location	location_uuid	VARCHAR
i_entity_record_query	uuid	VARCHAR
i_entity_record_query	ca_uuid	VARCHAR
i_entity_record_query	query_string	VARCHAR
i_entity_record_query	date_created	TIMESTAMP
i_entity_record_query	last_modified_date	TIMESTAMP
i_entity_record_query	created_by	VARCHAR
i_entity_record_query	last_modified_by	VARCHAR
i_entity_record_query	profile_filter	VARCHAR
i_entity_record	entity_uuid	VARCHAR
i_entity_record	record_uuid	VARCHAR
i_entity_relationship_attribute_value	entity_relationship_uuid	VARCHAR
i_entity_relationship_attribute_value	attribute_uuid	VARCHAR
i_entity_relationship_attribute_value	string_value	VARCHAR
i_entity_relationship_attribute_value	double_value	DOUBLE
i_entity_relationship_attribute_value	double_value2	DOUBLE
i_entity_relationship_attribute_value	list_item_uuid	VARCHAR
i_entity_relationship_attribute_value	employee_uuid	VARCHAR
i_entity_relationship	uuid	VARCHAR
i_entity_relationship	src_entity_uuid	VARCHAR
i_entity_relationship	relationship_type_uuid	VARCHAR
i_entity_relationship	target_entity_uuid	VARCHAR
i_entity_relationship	source	VARCHAR
i_entity_relationship	source_uuid	VARCHAR
i_entity_search	uuid	VARCHAR
i_entity_search	search_string	VARCHAR
i_entity_search	ca_uuid	VARCHAR
i_entity_summary_query	uuid	VARCHAR
i_entity_summary_query	ca_uuid	VARCHAR
i_entity_summary_query	query_string	VARCHAR
i_entity_summary_query	date_created	TIMESTAMP
i_entity_summary_query	last_modified_date	TIMESTAMP
i_entity_summary_query	created_by	VARCHAR
i_entity_summary_query	last_modified_by	VARCHAR
i_entity_summary_query	profile_filter	VARCHAR
i_entity_type_attribute_group	uuid	VARCHAR
i_entity_type_attribute_group	entity_type_uuid	VARCHAR
i_entity_type_attribute_group	seq_order	BIGINT
i_entity_type_attribute	entity_type_uuid	VARCHAR
i_entity_type_attribute	attribute_uuid	VARCHAR
i_entity_type_attribute	attribute_group_uuid	VARCHAR
i_entity_type_attribute	seq_order	BIGINT
i_entity_type_attribute	is_duplicate_check	BOOLEAN
i_entity_type	uuid	VARCHAR
i_entity_type	keyid	VARCHAR
i_entity_type	ca_uuid	VARCHAR
i_entity_type	id_attribute_uuid	VARCHAR
i_entity_type	icon	VARCHAR
i_entity_type	birt_template	VARCHAR
i_entity_type	dm_attribute_uuid	VARCHAR
i_entity_type	dm_active_filter	VARCHAR
i_entity	uuid	VARCHAR
i_entity	ca_uuid	VARCHAR
i_entity	date_created	TIMESTAMP
i_entity	date_modified	TIMESTAMP
i_entity	created_by	VARCHAR
i_entity	last_modified_by	VARCHAR
i_entity	primary_attachment_uuid	VARCHAR
i_entity	entity_type_uuid	VARCHAR
i_entity	comment	VARCHAR
i_entity	profile_uuid	VARCHAR
i_entity	dm_list_item_uuid	VARCHAR
i_location	uuid	VARCHAR
i_location	ca_uuid	VARCHAR
i_location	geometry	VARCHAR
i_location	datetime	TIMESTAMP
i_location	comment	VARCHAR
i_location	id	VARCHAR
i_location	record_uuid	VARCHAR
i_observation_attribute_list	list_element_uuid	VARCHAR
i_observation_attribute_list	observation_attribute_uuid	VARCHAR
i_observation_attribute	observation_uuid	VARCHAR
i_observation_attribute	attribute_uuid	VARCHAR
i_observation_attribute	list_element_uuid	VARCHAR
i_observation_attribute	tree_node_uuid	VARCHAR
i_observation_attribute	string_value	VARCHAR
i_observation_attribute	double_value	DOUBLE
i_observation_attribute	uuid	VARCHAR
i_observation	uuid	VARCHAR
i_observation	location_uuid	VARCHAR
i_observation	category_uuid	VARCHAR
i_patrol_record_motivation	patrol_uuid	VARCHAR
i_patrol_record_motivation	i_record_uuid	VARCHAR
i_permission	employee_uuid	VARCHAR
i_permission	profile_uuid	VARCHAR
i_permission	permissions	BIGINT
i_profile_config	uuid	VARCHAR
i_profile_config	ca_uuid	VARCHAR
i_profile_config	keyid	VARCHAR
i_profile_config	color	BIGINT
i_profile_entity_type	entity_type_uuid	VARCHAR
i_profile_entity_type	profile_uuid	VARCHAR
i_profile_record_source	record_source_uuid	VARCHAR
i_profile_record_source	profile_uuid	VARCHAR
i_record_attachment	record_uuid	VARCHAR
i_record_attachment	attachment_uuid	VARCHAR
i_record_attribute_value_list	value_uuid	VARCHAR
i_record_attribute_value_list	element_uuid	VARCHAR
i_record_attribute_value	uuid	VARCHAR
i_record_attribute_value	record_uuid	VARCHAR
i_record_attribute_value	attribute_uuid	VARCHAR
i_record_attribute_value	string_value	VARCHAR
i_record_attribute_value	double_value	DOUBLE
i_record_attribute_value	double_value2	DOUBLE
i_record_obs_query	uuid	VARCHAR
i_record_obs_query	ca_uuid	VARCHAR
i_record_obs_query	style	VARCHAR
i_record_obs_query	query_string	VARCHAR
i_record_obs_query	column_filter	VARCHAR
i_record_obs_query	date_created	TIMESTAMP
i_record_obs_query	last_modified_date	TIMESTAMP
i_record_obs_query	created_by	VARCHAR
i_record_obs_query	last_modified_by	VARCHAR
i_record_obs_query	profile_filter	VARCHAR
i_record_query	uuid	VARCHAR
i_record_query	ca_uuid	VARCHAR
i_record_query	query_string	VARCHAR
i_record_query	date_created	TIMESTAMP
i_record_query	last_modified_date	TIMESTAMP
i_record_query	created_by	VARCHAR
i_record_query	last_modified_by	VARCHAR
i_record_query	profile_filter	VARCHAR
i_record_summary_query	uuid	VARCHAR
i_record_summary_query	ca_uuid	VARCHAR
i_record_summary_query	query_string	VARCHAR
i_record_summary_query	date_created	TIMESTAMP
i_record_summary_query	last_modified_date	TIMESTAMP
i_record_summary_query	created_by	VARCHAR
i_record_summary_query	last_modified_by	VARCHAR
i_record_summary_query	profile_filter	VARCHAR
i_record	uuid	VARCHAR
i_record	ca_uuid	VARCHAR
i_record	source_uuid	VARCHAR
i_record	title	VARCHAR
i_record	date_created	TIMESTAMP
i_record	last_modified_date	TIMESTAMP
i_record	created_by	VARCHAR
i_record	last_modified_by	VARCHAR
i_record	date_exported	TIMESTAMP
i_record	status	VARCHAR
i_record	description	VARCHAR
i_record	comment	VARCHAR
i_record	primary_date	TIMESTAMP
i_record	smart_source	VARCHAR
i_record	profile_uuid	VARCHAR
i_recordsource_attribute	uuid	VARCHAR
i_recordsource_attribute	source_uuid	VARCHAR
i_recordsource_attribute	attribute_uuid	VARCHAR
i_recordsource_attribute	entity_type_uuid	VARCHAR
i_recordsource_attribute	seq_order	BIGINT
i_recordsource_attribute	is_multi	BOOLEAN
i_recordsource_attribute	keyid	VARCHAR
i_recordsource_attribute	is_duplicate_check	BOOLEAN
i_recordsource	uuid	VARCHAR
i_recordsource	ca_uuid	VARCHAR
i_recordsource	keyid	VARCHAR
i_recordsource	icon	VARCHAR
i_relationship_group	uuid	VARCHAR
i_relationship_group	ca_uuid	VARCHAR
i_relationship_group	keyid	VARCHAR
i_relationship_type_attribute	relationship_type_uuid	VARCHAR
i_relationship_type_attribute	attribute_uuid	VARCHAR
i_relationship_type_attribute	seq_order	BIGINT
i_relationship_type	uuid	VARCHAR
i_relationship_type	keyid	VARCHAR
i_relationship_type	ca_uuid	VARCHAR
i_relationship_type	icon	VARCHAR
i_relationship_type	relationship_group_uuid	VARCHAR
i_relationship_type	src_entity_type	VARCHAR
i_relationship_type	target_entity_type	VARCHAR
i_relationship_type	src_profile_uuid	VARCHAR
i_relationship_type	target_profile_uuid	VARCHAR
i_working_set_entity	working_set_uuid	VARCHAR
i_working_set_entity	entity_uuid	VARCHAR
i_working_set_entity	map_style	VARCHAR
i_working_set_entity	is_visible	BOOLEAN
i_working_set_query	working_set_uuid	VARCHAR
i_working_set_query	query_uuid	VARCHAR
i_working_set_query	date_filter	VARCHAR
i_working_set_query	map_style	VARCHAR
i_working_set_query	is_visible	BOOLEAN
i_working_set_query	query_type	VARCHAR
i_working_set_record	working_set_uuid	VARCHAR
i_working_set_record	record_uuid	VARCHAR
i_working_set_record	map_style	VARCHAR
i_working_set_record	is_visible	BOOLEAN
i_working_set	uuid	VARCHAR
i_working_set	ca_uuid	VARCHAR
i_working_set	date_created	TIMESTAMP
i_working_set	last_modified_date	TIMESTAMP
i_working_set	created_by	VARCHAR
i_working_set	last_modified_by	VARCHAR
i_working_set	entity_date_filter	VARCHAR
i18n_label	language_uuid	VARCHAR
i18n_label	element_uuid	VARCHAR
i18n_label	value	VARCHAR
icon	uuid	VARCHAR
icon	keyid	VARCHAR
icon	ca_uuid	VARCHAR
iconfile	uuid	VARCHAR
iconfile	icon_uuid	VARCHAR
iconfile	iconset_uuid	VARCHAR
iconfile	filename	VARCHAR
iconset	uuid	VARCHAR
iconset	keyid	VARCHAR
iconset	ca_uuid	VARCHAR
iconset	is_default	BOOLEAN
language	uuid	VARCHAR
language	ca_uuid	VARCHAR
language	isdefault	BOOLEAN
language	code	VARCHAR
login_log	uuid	VARCHAR
login_log	smart_userid	VARCHAR
login_log	smart_userlevels	VARCHAR
login_log	login_timestamp	TIMESTAMP
login_log	ca_id	VARCHAR
login_log	ca_name	VARCHAR
map_styles	uuid	VARCHAR
map_styles	ca_uuid	VARCHAR
map_styles	style_string	VARCHAR
mission_attribute_list	uuid	VARCHAR
mission_attribute_list	mission_attribute_uuid	VARCHAR
mission_attribute_list	keyid	VARCHAR
mission_attribute_list	list_order	BIGINT
mission_attribute	uuid	VARCHAR
mission_attribute	ca_uuid	VARCHAR
mission_attribute	keyid	VARCHAR
mission_attribute	att_type	VARCHAR
mission_day	uuid	VARCHAR
mission_day	mission_uuid	VARCHAR
mission_day	mission_day	DATE
mission_day	start_time	TIME
mission_day	end_time	TIME
mission_day	rest_minutes	BIGINT
mission_member	mission_uuid	VARCHAR
mission_member	employee_uuid	VARCHAR
mission_member	is_leader	BOOLEAN
mission_property_value	mission_uuid	VARCHAR
mission_property_value	mission_attribute_uuid	VARCHAR
mission_property_value	number_value	DOUBLE
mission_property_value	string_value	VARCHAR
mission_property_value	list_element_uuid	VARCHAR
mission_property	survey_design_uuid	VARCHAR
mission_property	mission_attribute_uuid	VARCHAR
mission_property	attribute_order	BIGINT
mission_track	uuid	VARCHAR
mission_track	mission_day_uuid	VARCHAR
mission_track	sampling_unit_uuid	VARCHAR
mission_track	track_type	VARCHAR
mission_track	geometry	VARCHAR
mission_track	id	VARCHAR
mission	uuid	VARCHAR
mission	survey_uuid	VARCHAR
mission	id	VARCHAR
mission	comment	VARCHAR
mission	start_date	DATE
mission	end_date	DATE
obs_gridded_query	uuid	VARCHAR
obs_gridded_query	creator_uuid	VARCHAR
obs_gridded_query	query_filter	VARCHAR
obs_gridded_query	ca_filter	VARCHAR
obs_gridded_query	query_def	VARCHAR
obs_gridded_query	folder_uuid	VARCHAR
obs_gridded_query	shared	BOOLEAN
obs_gridded_query	ca_uuid	VARCHAR
obs_gridded_query	id	VARCHAR
obs_gridded_query	crs_definition	VARCHAR
obs_gridded_query	style	VARCHAR
obs_observation_query	uuid	VARCHAR
obs_observation_query	creator_uuid	VARCHAR
obs_observation_query	query_filter	VARCHAR
obs_observation_query	ca_filter	VARCHAR
obs_observation_query	ca_uuid	VARCHAR
obs_observation_query	folder_uuid	VARCHAR
obs_observation_query	column_filter	VARCHAR
obs_observation_query	shared	BOOLEAN
obs_observation_query	id	VARCHAR
obs_observation_query	style	VARCHAR
obs_observation_query	show_data_columns_only	BOOLEAN
obs_summary_query	uuid	VARCHAR
obs_summary_query	creator_uuid	VARCHAR
obs_summary_query	ca_filter	VARCHAR
obs_summary_query	query_def	VARCHAR
obs_summary_query	folder_uuid	VARCHAR
obs_summary_query	shared	BOOLEAN
obs_summary_query	ca_uuid	VARCHAR
obs_summary_query	id	VARCHAR
obs_waypoint_query	uuid	VARCHAR
obs_waypoint_query	creator_uuid	VARCHAR
obs_waypoint_query	query_filter	VARCHAR
obs_waypoint_query	ca_filter	VARCHAR
obs_waypoint_query	ca_uuid	VARCHAR
obs_waypoint_query	folder_uuid	VARCHAR
obs_waypoint_query	column_filter	VARCHAR
obs_waypoint_query	shared	BOOLEAN
obs_waypoint_query	id	VARCHAR
obs_waypoint_query	style	VARCHAR
observation_attachment	uuid	VARCHAR
observation_attachment	obs_uuid	VARCHAR
observation_attachment	filename	VARCHAR
observation_attachment	signature_type_uuid	VARCHAR
observation_options	ca_uuid	VARCHAR
observation_options	distance_direction	BOOLEAN
observation_options	edit_time	BIGINT
observation_options	observer	BOOLEAN
observation_query	uuid	VARCHAR
observation_query	creator_uuid	VARCHAR
observation_query	query_filter	VARCHAR
observation_query	ca_filter	VARCHAR
observation_query	ca_uuid	VARCHAR
observation_query	folder_uuid	VARCHAR
observation_query	column_filter	VARCHAR
observation_query	shared	BOOLEAN
observation_query	id	VARCHAR
observation_query	style	VARCHAR
observation_query	show_data_columns_only	BOOLEAN
patrol_attribute_list	uuid	VARCHAR
patrol_attribute_list	patrol_attribute_uuid	VARCHAR
patrol_attribute_list	keyid	VARCHAR
patrol_attribute_list	list_order	BIGINT
patrol_attribute_list	is_active	BOOLEAN
patrol_attribute_value	patrol_uuid	VARCHAR
patrol_attribute_value	patrol_attribute_uuid	VARCHAR
patrol_attribute_value	string_value	VARCHAR
patrol_attribute_value	number_value	DOUBLE
patrol_attribute_value	list_item_uuid	VARCHAR
patrol_attribute	uuid	VARCHAR
patrol_attribute	ca_uuid	VARCHAR
patrol_attribute	keyid	VARCHAR
patrol_attribute	att_type	VARCHAR
patrol_attribute	is_active	BOOLEAN
patrol_folder	uuid	VARCHAR
patrol_folder	ca_uuid	VARCHAR
patrol_folder	parent_uuid	VARCHAR
patrol_folder	folder_order	BIGINT
patrol_leg_day	uuid	VARCHAR
patrol_leg_day	patrol_leg_uuid	VARCHAR
patrol_leg_day	patrol_day	DATE
patrol_leg_day	start_time	TIME
patrol_leg_day	rest_minutes	BIGINT
patrol_leg_day	end_time	TIME
patrol_leg_members	patrol_leg_uuid	VARCHAR
patrol_leg_members	employee_uuid	VARCHAR
patrol_leg_members	is_leader	BOOLEAN
patrol_leg_members	is_pilot	BOOLEAN
patrol_leg	uuid	VARCHAR
patrol_leg	patrol_uuid	VARCHAR
patrol_leg	start_date	DATE
patrol_leg	end_date	DATE
patrol_leg	transport_uuid	VARCHAR
patrol_leg	id	VARCHAR
patrol_leg	mandate_uuid	VARCHAR
patrol_mandate	uuid	VARCHAR
patrol_mandate	ca_uuid	VARCHAR
patrol_mandate	is_active	BOOLEAN
patrol_mandate	keyid	VARCHAR
patrol_plan	patrol_uuid	VARCHAR
patrol_plan	plan_uuid	VARCHAR
patrol_query	uuid	VARCHAR
patrol_query	creator_uuid	VARCHAR
patrol_query	query_filter	VARCHAR
patrol_query	ca_filter	VARCHAR
patrol_query	ca_uuid	VARCHAR
patrol_query	folder_uuid	VARCHAR
patrol_query	column_filter	VARCHAR
patrol_query	shared	BOOLEAN
patrol_query	id	VARCHAR
patrol_query	style	VARCHAR
patrol_transport	uuid	VARCHAR
patrol_transport	ca_uuid	VARCHAR
patrol_transport	is_active	BOOLEAN
patrol_transport	patrol_type	VARCHAR
patrol_transport	keyid	VARCHAR
patrol_type	ca_uuid	VARCHAR
patrol_type	patrol_type	VARCHAR
patrol_type	is_active	BOOLEAN
patrol_type	max_speed	BIGINT
patrol_waypoint	wp_uuid	VARCHAR
patrol_waypoint	leg_day_uuid	VARCHAR
patrol	uuid	VARCHAR
patrol	ca_uuid	VARCHAR
patrol	id	VARCHAR
patrol	station_uuid	VARCHAR
patrol	team_uuid	VARCHAR
patrol	objective	VARCHAR
patrol	patrol_type	VARCHAR
patrol	is_armed	BOOLEAN
patrol	start_date	DATE
patrol	end_date	DATE
patrol	comment	VARCHAR
patrol	folder_uuid	VARCHAR
plan_target_point	uuid	VARCHAR
plan_target_point	plan_target_uuid	VARCHAR
plan_target_point	x	DOUBLE
plan_target_point	y	DOUBLE
plan_target	uuid	VARCHAR
plan_target	name	VARCHAR
plan_target	description	VARCHAR
plan_target	value	DOUBLE
plan_target	op	VARCHAR
plan_target	type	VARCHAR
plan_target	plan_uuid	VARCHAR
plan_target	category	VARCHAR
plan_target	completed	BOOLEAN
plan_target	success_distance	BIGINT
plan	uuid	VARCHAR
plan	id	VARCHAR
plan	start_date	DATE
plan	end_date	DATE
plan	type	VARCHAR
plan	description	VARCHAR
plan	ca_uuid	VARCHAR
plan	station_uuid	VARCHAR
plan	team_uuid	VARCHAR
plan	active_employees	BIGINT
plan	unavailable_employees	BIGINT
plan	parent_uuid	VARCHAR
plan	creator_uuid	VARCHAR
plan	comment	VARCHAR
qa_error	uuid	VARCHAR
qa_error	ca_uuid	VARCHAR
qa_error	qa_routine_uuid	VARCHAR
qa_error	data_provider_id	VARCHAR
qa_error	status	VARCHAR
qa_error	validate_date	TIMESTAMP
qa_error	error_id	VARCHAR
qa_error	error_description	VARCHAR
qa_error	fix_message	VARCHAR
qa_error	src_identifier	VARCHAR
qa_error	geometry	VARCHAR
qa_routine_parameter	uuid	VARCHAR
qa_routine_parameter	qa_routine_uuid	VARCHAR
qa_routine_parameter	id	VARCHAR
qa_routine_parameter	str_value	VARCHAR
qa_routine_parameter	byte_value	VARCHAR
qa_routine	uuid	VARCHAR
qa_routine	ca_uuid	VARCHAR
qa_routine	routine_type_id	VARCHAR
qa_routine	description	VARCHAR
qa_routine	auto_check	BOOLEAN
query_folder	uuid	VARCHAR
query_folder	employee_uuid	VARCHAR
query_folder	ca_uuid	VARCHAR
query_folder	parent_uuid	VARCHAR
r_query	uuid	VARCHAR
r_query	script_uuid	VARCHAR
r_query	ca_uuid	VARCHAR
r_query	config	VARCHAR
r_script	uuid	VARCHAR
r_script	ca_uuid	VARCHAR
r_script	filename	VARCHAR
r_script	creator_uuid	VARCHAR
r_script	default_parameters	VARCHAR
rank	uuid	VARCHAR
rank	agency_uuid	VARCHAR
report_folder	uuid	VARCHAR
report_folder	employee_uuid	VARCHAR
report_folder	ca_uuid	VARCHAR
report_folder	parent_uuid	VARCHAR
report_query	report_uuid	VARCHAR
report_query	query_uuid	VARCHAR
report	uuid	VARCHAR
report	creator_uuid	VARCHAR
report	id	VARCHAR
report	filename	VARCHAR
report	ca_uuid	VARCHAR
report	shared	BOOLEAN
report	folder_uuid	VARCHAR
sampling_unit_attribute_list	uuid	VARCHAR
sampling_unit_attribute_list	sampling_unit_attribute_uuid	VARCHAR
sampling_unit_attribute_list	keyid	VARCHAR
sampling_unit_attribute_list	list_order	BIGINT
sampling_unit_attribute_value	su_attribute_uuid	VARCHAR
sampling_unit_attribute_value	su_uuid	VARCHAR
sampling_unit_attribute_value	string_value	VARCHAR
sampling_unit_attribute_value	number_value	DOUBLE
sampling_unit_attribute_value	list_element_uuid	VARCHAR
sampling_unit_attribute	uuid	VARCHAR
sampling_unit_attribute	ca_uuid	VARCHAR
sampling_unit_attribute	keyid	VARCHAR
sampling_unit_attribute	att_type	VARCHAR
sampling_unit	uuid	VARCHAR
sampling_unit	survey_design_uuid	VARCHAR
sampling_unit	unit_type	VARCHAR
sampling_unit	id	VARCHAR
sampling_unit	state	VARCHAR
sampling_unit	geometry	VARCHAR
saved_maps	uuid	VARCHAR
saved_maps	ca_uuid	VARCHAR
saved_maps	is_default	BOOLEAN
saved_maps	map_def	VARCHAR
screen_option_uuid	uuid	VARCHAR
screen_option_uuid	option_uuid	VARCHAR
screen_option_uuid	uuid_value	VARCHAR
screen_option	uuid	VARCHAR
screen_option	ca_uuid	VARCHAR
screen_option	type	VARCHAR
screen_option	is_visible	BOOLEAN
screen_option	string_value	VARCHAR
screen_option	boolean_value	BOOLEAN
screen_option	uuid_value	VARCHAR
screen_option	resource	VARCHAR
signature_type	uuid	VARCHAR
signature_type	ca_uuid	VARCHAR
signature_type	keyid	VARCHAR
smartcollect_package	uuid	VARCHAR
smartcollect_package	name	VARCHAR
smartcollect_package	ca_uuid	VARCHAR
smartcollect_package	cm_uuid	VARCHAR
smartcollect_package	ctprofile_uuid	VARCHAR
smartcollect_package	basemapdef	VARCHAR
smartcollect_package	maplayersdef	VARCHAR
smartcollect_waypoint	wp_uuid	VARCHAR
smartcollect_waypoint	source	VARCHAR
station	uuid	VARCHAR
station	ca_uuid	VARCHAR
station	desc_uuid	VARCHAR
station	is_active	BOOLEAN
summary_query	uuid	VARCHAR
summary_query	creator_uuid	VARCHAR
summary_query	ca_filter	VARCHAR
summary_query	query_def	VARCHAR
summary_query	folder_uuid	VARCHAR
summary_query	shared	BOOLEAN
summary_query	ca_uuid	VARCHAR
summary_query	id	VARCHAR
survey_design_property	uuid	VARCHAR
survey_design_property	survey_design_uuid	VARCHAR
survey_design_property	name	VARCHAR
survey_design_property	value	VARCHAR
survey_design_sampling_unit	survey_design_uuid	VARCHAR
survey_design_sampling_unit	su_attribute_uuid	VARCHAR
survey_design	uuid	VARCHAR
survey_design	ca_uuid	VARCHAR
survey_design	keyid	VARCHAR
survey_design	state	VARCHAR
survey_design	observer	BOOLEAN
survey_design	distance_direction	BOOLEAN
survey_design	description	VARCHAR
survey_design	configurable_model_uuid	VARCHAR
survey_gridded_query	uuid	VARCHAR
survey_gridded_query	creator_uuid	VARCHAR
survey_gridded_query	query_filter	VARCHAR
survey_gridded_query	ca_filter	VARCHAR
survey_gridded_query	ca_uuid	VARCHAR
survey_gridded_query	folder_uuid	VARCHAR
survey_gridded_query	query_def	VARCHAR
survey_gridded_query	shared	BOOLEAN
survey_gridded_query	id	VARCHAR
survey_gridded_query	crs_definition	VARCHAR
survey_gridded_query	surveydesign_key	VARCHAR
survey_gridded_query	style	VARCHAR
survey_mission_query	uuid	VARCHAR
survey_mission_query	creator_uuid	VARCHAR
survey_mission_query	query_filter	VARCHAR
survey_mission_query	ca_filter	VARCHAR
survey_mission_query	ca_uuid	VARCHAR
survey_mission_query	folder_uuid	VARCHAR
survey_mission_query	column_filter	VARCHAR
survey_mission_query	surveydesign_key	VARCHAR
survey_mission_query	shared	BOOLEAN
survey_mission_query	id	VARCHAR
survey_mission_query	style	VARCHAR
survey_mission_track_query	uuid	VARCHAR
survey_mission_track_query	creator_uuid	VARCHAR
survey_mission_track_query	query_filter	VARCHAR
survey_mission_track_query	ca_filter	VARCHAR
survey_mission_track_query	ca_uuid	VARCHAR
survey_mission_track_query	folder_uuid	VARCHAR
survey_mission_track_query	column_filter	VARCHAR
survey_mission_track_query	surveydesign_key	VARCHAR
survey_mission_track_query	shared	BOOLEAN
survey_mission_track_query	id	VARCHAR
survey_mission_track_query	style	VARCHAR
survey_observation_query	uuid	VARCHAR
survey_observation_query	creator_uuid	VARCHAR
survey_observation_query	query_filter	VARCHAR
survey_observation_query	ca_filter	VARCHAR
survey_observation_query	ca_uuid	VARCHAR
survey_observation_query	folder_uuid	VARCHAR
survey_observation_query	column_filter	VARCHAR
survey_observation_query	surveydesign_key	VARCHAR
survey_observation_query	shared	BOOLEAN
survey_observation_query	id	VARCHAR
survey_observation_query	style	VARCHAR
survey_observation_query	show_data_columns_only	BOOLEAN
survey_summary_query	uuid	VARCHAR
survey_summary_query	creator_uuid	VARCHAR
survey_summary_query	query_def	VARCHAR
survey_summary_query	ca_filter	VARCHAR
survey_summary_query	ca_uuid	VARCHAR
survey_summary_query	folder_uuid	VARCHAR
survey_summary_query	shared	BOOLEAN
survey_summary_query	id	VARCHAR
survey_summary_query	surveydesign_key	VARCHAR
survey_waypoint_query	uuid	VARCHAR
survey_waypoint_query	creator_uuid	VARCHAR
survey_waypoint_query	query_filter	VARCHAR
survey_waypoint_query	ca_filter	VARCHAR
survey_waypoint_query	ca_uuid	VARCHAR
survey_waypoint_query	folder_uuid	VARCHAR
survey_waypoint_query	column_filter	VARCHAR
survey_waypoint_query	surveydesign_key	VARCHAR
survey_waypoint_query	shared	BOOLEAN
survey_waypoint_query	id	VARCHAR
survey_waypoint_query	style	VARCHAR
survey_waypoint	wp_uuid	VARCHAR
survey_waypoint	mission_day_uuid	VARCHAR
survey_waypoint	sampling_unit_uuid	VARCHAR
survey_waypoint	mission_track_uuid	VARCHAR
survey	uuid	VARCHAR
survey	survey_design_uuid	VARCHAR
survey	id	VARCHAR
team	uuid	VARCHAR
team	ca_uuid	VARCHAR
team	is_active	BOOLEAN
team	desc_uuid	VARCHAR
team	patrol_mandate_uuid	VARCHAR
team	keyid	VARCHAR
track	uuid	VARCHAR
track	patrol_leg_day_uuid	VARCHAR
track	geometry	VARCHAR
track	distance	DOUBLE
waypoint_query	uuid	VARCHAR
waypoint_query	creator_uuid	VARCHAR
waypoint_query	query_filter	VARCHAR
waypoint_query	ca_filter	VARCHAR
waypoint_query	ca_uuid	VARCHAR
waypoint_query	folder_uuid	VARCHAR
waypoint_query	column_filter	VARCHAR
waypoint_query	shared	BOOLEAN
waypoint_query	id	VARCHAR
waypoint_query	style	VARCHAR
waypoint	uuid	VARCHAR
waypoint	ca_uuid	VARCHAR
waypoint	source	VARCHAR
waypoint	x	DOUBLE
waypoint	y	DOUBLE
waypoint	datetime	TIMESTAMP
waypoint	direction	DOUBLE
waypoint	distance	DOUBLE
waypoint	wp_comment	VARCHAR
waypoint	last_modified	TIMESTAMP
waypoint	last_modified_by	VARCHAR
waypoint	id	VARCHAR
wp_attachments	uuid	VARCHAR
wp_attachments	wp_uuid	VARCHAR
wp_attachments	filename	VARCHAR
wp_attachments	signature_type_uuid	VARCHAR
wp_observation_attributes_list	list_element_uuid	VARCHAR
wp_observation_attributes_list	observation_attribute_uuid	VARCHAR
wp_observation_attributes	observation_uuid	VARCHAR
wp_observation_attributes	attribute_uuid	VARCHAR
wp_observation_attributes	list_element_uuid	VARCHAR
wp_observation_attributes	tree_node_uuid	VARCHAR
wp_observation_attributes	number_value	DOUBLE
wp_observation_attributes	string_value	VARCHAR
wp_observation_attributes	uuid	VARCHAR
wp_observation_group	uuid	VARCHAR
wp_observation_group	wp_uuid	VARCHAR
wp_observation	uuid	VARCHAR
wp_observation	wp_group_uuid	VARCHAR
wp_observation	category_uuid	VARCHAR
wp_observation	employee_uuid	VARCHAR
# SMART 8.0+ additions (from the SMART source; see docs/smart-data-model.md, Version differences)
wp_observation_attributes	number_value_2	DOUBLE	8.0
wp_observation_attributes	geom	VARCHAR	8.0
waypoint	incident_type_uuid	VARCHAR	8.1
patrol	patrol_type_uuid	VARCHAR	8.1
